{
  "gravity_magnitude_": 9.806,
  "imu_config_": [
    {
      "acc_bias_init": {
        "x": -0.016095051969589658,
        "y": 0.04953369168912237,
        "z": 0.22389950552348475
      },
      "body_frame_flag": true,
      "file_name": "imu.txt",
      "frequency": 1000.0,
      "gyr_bias_init": {
        "x": -0.021357741496360116,
        "y": -0.0047409866117136745,
        "z": 0.011192756141063047
      },
      "model_type": "calibrated",
      "noise": {
        "acc_b": 0.0001994539453860211,
        "acc_n": 0.015117597500409535,
        "gyr_b": 1.1092858061130354e-05,
        "gyr_n": 0.0010444522263924943
      },
      "rot_q_BI_init": {
        "w": 1.0,
        "x": 0.0,
        "y": 0.0,
        "z": 0.0
      },
      "toff_BI_init": 0.0,
      "trans_BI_init": {
        "x": 0.0,
        "y": 0.0,
        "z": 0.0
      }
    }
  ],
  "max_toff_change_": 0.1,
  "opt_spatial_param_flag_": true,
  "opt_temporal_param_flag_": true,
  "output_frequency_": 100.0,
  "pose_config_": [
    {
      "abs_pose_flag": true,
      "body_frame_flag": false,
      "file_name": "pose.txt",
      "rot_noise": 0.01,
      "rot_q_BP_init": {
        "w": 0.6918234983361444,
        "x": 0.16038819466163654,
        "y": -0.08065809876572565,
        "z": 0.6993926974644634
      },
      "rot_q_GW_init": {
        "w": 0.7959552122970337,
        "x": 0.6048783471430763,
        "y": -0.017882271020564923,
        "z": -0.01605333478723244
      },
      "toff_BP_init": 0.002601769726988192,
      "trans_BP_init": {
        "x": 0.0006694928190661718,
        "y": -0.000610866787401451,
        "z": 0.014305695089595087
      },
      "trans_GW_init": {
        "x": 0.0,
        "y": 0.0,
        "z": 0.0
      },
      "trans_noise": 0.003,
      "world_frame_flag": true
    }
  ],
  "spline_knot_interval_": 0.01
}