{
  "gravity_magnitude_": 9.806,
  "imu_config_": [
    {
      "acc_bias_init": {
        "x": -0.028354764167263905,
        "y": 0.029727037035647958,
        "z": 0.18868569220942363
      },
      "body_frame_flag": true,
      "file_name": "imu.txt",
      "frequency": 1000.0,
      "gyr_bias_init": {
        "x": -0.02164286782642087,
        "y": -0.0076610327886618736,
        "z": 0.013333086873519093
      },
      "model_type": "calibrated",
      "noise": {
        "acc_b": 0.0001994539453860211,
        "acc_n": 0.015117597500409535,
        "gyr_b": 1.1092858061130354e-05,
        "gyr_n": 0.0010444522263924943
      },
      "rot_q_BI_init": {
        "w": 1.0,
        "x": 0.0,
        "y": 0.0,
        "z": 0.0
      },
      "toff_BI_init": 0.0,
      "trans_BI_init": {
        "x": 0.0,
        "y": 0.0,
        "z": 0.0
      }
    }
  ],
  "max_toff_change_": 0.1,
  "opt_spatial_param_flag_": true,
  "opt_temporal_param_flag_": true,
  "output_frequency_": 100.0,
  "pose_config_": [
    {
      "abs_pose_flag": true,
      "body_frame_flag": false,
      "file_name": "pose.txt",
      "rot_noise": 0.01,
      "rot_q_BP_init": {
        "w": -0.681079204316295,
        "x": -0.1641353018400737,
        "y": 0.08672692906589735,
        "z": -0.7082860720870832
      },
      "rot_q_GW_init": {
        "w": 0.7964234507868643,
        "x": 0.6041527969168211,
        "y": -0.019961651484264164,
        "z": -0.017624343515328985
      },
      "toff_BP_init": 0.0025104916384309692,
      "trans_BP_init": {
        "x": 0.003304284105026345,
        "y": -0.0031059901371603034,
        "z": 0.007936388466209717
      },
      "trans_GW_init": {
        "x": 0.0,
        "y": 0.0,
        "z": 0.0
      },
      "trans_noise": 0.003,
      "world_frame_flag": true
    }
  ],
  "spline_knot_interval_": 0.01
}