{
  "gravity_magnitude_": 9.806,
  "imu_config_": [
    {
      "acc_bias_init": {
        "x": -0.007418588578869323,
        "y": 0.05501329258027058,
        "z": 0.22926756617529873
      },
      "body_frame_flag": true,
      "file_name": "imu.txt",
      "frequency": 1000.0,
      "gyr_bias_init": {
        "x": -0.020417100980968612,
        "y": -0.0046833156295549485,
        "z": 0.010602286477007334
      },
      "model_type": "calibrated",
      "noise": {
        "acc_b": 0.0001994539453860211,
        "acc_n": 0.015117597500409535,
        "gyr_b": 1.1092858061130354e-05,
        "gyr_n": 0.0010444522263924943
      },
      "rot_q_BI_init": {
        "w": 1.0,
        "x": 0.0,
        "y": 0.0,
        "z": 0.0
      },
      "toff_BI_init": 0.0,
      "trans_BI_init": {
        "x": 0.0,
        "y": 0.0,
        "z": 0.0
      }
    }
  ],
  "max_toff_change_": 0.1,
  "opt_spatial_param_flag_": true,
  "opt_temporal_param_flag_": true,
  "output_frequency_": 100.0,
  "pose_config_": [
    {
      "abs_pose_flag": true,
      "body_frame_flag": false,
      "file_name": "pose.txt",
      "rot_noise": 0.01,
      "rot_q_BP_init": {
        "w": -0.6922142823040224,
        "x": -0.15880865078560052,
        "y": 0.08054082097687598,
        "z": -0.6993799939706278
      },
      "rot_q_GW_init": {
        "w": 0.7945918312685469,
        "x": 0.6027479550657475,
        "y": -0.04802938144503717,
        "z": -0.05488080596495676
      },
      "toff_BP_init": 0.002723711423700801,
      "trans_BP_init": {
        "x": -0.0009042619614001798,
        "y": -8.160582059452067e-05,
        "z": 0.013300993089866694
      },
      "trans_GW_init": {
        "x": 0.0,
        "y": 0.0,
        "z": 0.0
      },
      "trans_noise": 0.003,
      "world_frame_flag": true
    }
  ],
  "spline_knot_interval_": 0.01
}