{
  "gravity_magnitude_": 9.8,
  "imu_config_": [
    {
      "acc_bias_init": {
        "x": 0.0012420796282144513,
        "y": -0.0001254535097640952,
        "z": -0.0002899980416879742
      },
      "body_frame_flag": false,
      "file_name": "imu_0.txt",
      "frequency": 100.0,
      "gyr_bias_init": {
        "x": 1.2488458450908845e-06,
        "y": 0.0001495287096462808,
        "z": -9.86141241322025e-05
      },
      "model_type": "calibrated",
      "noise": {
        "acc_b": 0.005,
        "acc_n": 0.02,
        "gyr_b": 0.0005,
        "gyr_n": 0.001
      },
      "rot_q_BI_init": {
        "w": 0.9999999271565517,
        "x": 3.6701234498008176e-05,
        "y": 0.00036961676705082874,
        "z": 8.788262861337008e-05
      },
      "toff_BI_init": 1.8535748988691094e-05,
      "trans_BI_init": {
        "x": 0.00014229047515836084,
        "y": -6.70217898439319e-05,
        "z": 0.00015964488355324393
      }
    },
    {
      "acc_bias_init": {
        "x": 0.00035234614369758835,
        "y": -0.003513799145978877,
        "z": -0.006208506689733916
      },
      "body_frame_flag": false,
      "file_name": "imu_1.txt",
      "frequency": 100.0,
      "gyr_bias_init": {
        "x": -0.0012851188600769856,
        "y": -3.05346400057508e-05,
        "z": 0.00229862866735345
      },
      "model_type": "calibrated",
      "noise": {
        "acc_b": 0.0005,
        "acc_n": 0.002,
        "gyr_b": 5e-05,
        "gyr_n": 0.0001
      },
      "rot_q_BI_init": {
        "w": 0.999999876401736,
        "x": 6.318612089077489e-05,
        "y": 0.0004870830504411169,
        "z": 7.716300136387942e-05
      },
      "toff_BI_init": 7.425921335417804e-05,
      "trans_BI_init": {
        "x": 0.00013882974830742244,
        "y": -6.560904460696709e-05,
        "z": 0.000173329772293804
      }
    }
  ],
  "max_toff_change_": 0.1,
  "opt_spatial_param_flag_": true,
  "opt_temporal_param_flag_": true,
  "output_frequency_": 100.0,
  "pose_config_": [
    {
      "abs_pose_flag": true,
      "body_frame_flag": true,
      "file_name": "mocap.txt",
      "rot_noise": 0.002,
      "rot_q_BP_init": {
        "w": 1.0,
        "x": 0.0,
        "y": 0.0,
        "z": 0.0
      },
      "rot_q_GW_init": {
        "w": 0.9999986386830214,
        "x": 0.0001434855849741935,
        "y": 1.573105121522631e-05,
        "z": -0.001643714246635881
      },
      "toff_BP_init": 0.0,
      "trans_BP_init": {
        "x": 0.0,
        "y": 0.0,
        "z": 0.0
      },
      "trans_GW_init": {
        "x": 0.0,
        "y": 0.0,
        "z": 0.0
      },
      "trans_noise": 0.001,
      "world_frame_flag": true
    },
    {
      "abs_pose_flag": true,
      "body_frame_flag": false,
      "file_name": "dut.txt",
      "rot_noise": 0.002,
      "rot_q_BP_init": {
        "w": 0.9999999995334053,
        "x": -2.1427595897147644e-06,
        "y": -1.1365556842578322e-06,
        "z": -3.045172142446962e-05
      },
      "rot_q_GW_init": {
        "w": 0.9999986301745819,
        "x": 0.00012092273543123019,
        "y": 2.9986749190174624e-05,
        "z": -0.0016504930918340465
      },
      "toff_BP_init": 6.067070522310654e-05,
      "trans_BP_init": {
        "x": -1.4622146467689178e-05,
        "y": 3.101983562603336e-05,
        "z": 3.689130755883707e-05
      },
      "trans_GW_init": {
        "x": -4.3922122890787665e-05,
        "y": -6.145036902553772e-05,
        "z": -2.4165423101148592e-05
      },
      "trans_noise": 0.001,
      "world_frame_flag": false
    }
  ],
  "spline_knot_interval_": 0.01
}