{
  "gravity_magnitude_": 9.806,
  "imu_config_": [
    {
      "acc_bias_init": {
        "x": -0.022742524255591395,
        "y": 0.0016368962531903427,
        "z": -0.02773332615101441
      },
      "body_frame_flag": true,
      "file_name": "raw_imu.txt",
      "frequency": 200.0,
      "gyr_bias_init": {
        "x": -0.00043139843025166393,
        "y": 8.39275284824914e-05,
        "z": 0.00018773081248569214
      },
      "model_type": "calibrated",
      "noise": {
        "acc_b": 0.0028,
        "acc_n": 0.00086,
        "gyr_b": 2.2e-05,
        "gyr_n": 0.00016
      },
      "rot_q_BI_init": {
        "w": 1.0,
        "x": 0.0,
        "y": 0.0,
        "z": 0.0
      },
      "toff_BI_init": 0.0,
      "trans_BI_init": {
        "x": 0.0,
        "y": 0.0,
        "z": 0.0
      }
    }
  ],
  "max_toff_change_": 0.1,
  "opt_spatial_param_flag_": true,
  "opt_temporal_param_flag_": true,
  "output_frequency_": 100.0,
  "pose_config_": [
    {
      "abs_pose_flag": true,
      "body_frame_flag": false,
      "file_name": "raw_mocap.txt",
      "rot_noise": 0.002,
      "rot_q_BP_init": {
        "w": 0.9999993551452494,
        "x": -0.0009195588514768988,
        "y": -4.904493023735375e-05,
        "z": 0.0006646165802108
      },
      "rot_q_GW_init": {
        "w": 0.9999705111196862,
        "x": 0.00022188243672109073,
        "y": -0.0007381645501581647,
        "z": -0.007640862013825223
      },
      "toff_BP_init": -0.0008180457016006587,
      "trans_BP_init": {
        "x": 0.0012861859429307075,
        "y": -9.16875374460821e-05,
        "z": 0.0016607887624332709
      },
      "trans_GW_init": {
        "x": 0.0,
        "y": 0.0,
        "z": 0.0
      },
      "trans_noise": 0.0005,
      "world_frame_flag": true
    }
  ],
  "spline_knot_interval_": 0.01
}