{
  "gravity_magnitude_": 9.806,
  "imu_config_": [
    {
      "acc_bias_init": {
        "x": -0.016597451286724053,
        "y": 0.054575174413658493,
        "z": 0.23027787866505592
      },
      "body_frame_flag": true,
      "file_name": "imu.txt",
      "frequency": 1000.0,
      "gyr_bias_init": {
        "x": -0.020326026204392524,
        "y": -0.004707639233860695,
        "z": 0.010181151447670338
      },
      "model_type": "calibrated",
      "noise": {
        "acc_b": 0.0001994539453860211,
        "acc_n": 0.015117597500409535,
        "gyr_b": 1.1092858061130354e-05,
        "gyr_n": 0.0010444522263924943
      },
      "rot_q_BI_init": {
        "w": 1.0,
        "x": 0.0,
        "y": 0.0,
        "z": 0.0
      },
      "toff_BI_init": 0.0,
      "trans_BI_init": {
        "x": 0.0,
        "y": 0.0,
        "z": 0.0
      }
    }
  ],
  "max_toff_change_": 0.1,
  "opt_spatial_param_flag_": true,
  "opt_temporal_param_flag_": true,
  "output_frequency_": 100.0,
  "pose_config_": [
    {
      "abs_pose_flag": true,
      "body_frame_flag": false,
      "file_name": "pose.txt",
      "rot_noise": 0.01,
      "rot_q_BP_init": {
        "w": 0.6921593258729175,
        "x": 0.15991556720166766,
        "y": -0.0812161126919504,
        "z": 0.6991040137296642
      },
      "rot_q_GW_init": {
        "w": 0.7943194278798866,
        "x": 0.6032211018104494,
        "y": -0.047400062688932,
        "z": -0.05416809836280505
      },
      "toff_BP_init": 0.0026121694178912616,
      "trans_BP_init": {
        "x": -0.000643588850758137,
        "y": 0.00012686673252281872,
        "z": 0.013085464507351558
      },
      "trans_GW_init": {
        "x": 0.0,
        "y": 0.0,
        "z": 0.0
      },
      "trans_noise": 0.003,
      "world_frame_flag": true
    }
  ],
  "spline_knot_interval_": 0.01
}