{
  "gravity_magnitude_": 9.806,
  "imu_config_": [
    {
      "acc_bias_init": {
        "x": -0.024250773966382547,
        "y": 0.03219238613077634,
        "z": 0.19477833132576233
      },
      "body_frame_flag": true,
      "file_name": "imu.txt",
      "frequency": 1000.0,
      "gyr_bias_init": {
        "x": -0.02101540726792533,
        "y": -0.005922056764656273,
        "z": 0.012684246325911409
      },
      "model_type": "calibrated",
      "noise": {
        "acc_b": 0.0001994539453860211,
        "acc_n": 0.015117597500409535,
        "gyr_b": 1.1092858061130354e-05,
        "gyr_n": 0.0010444522263924943
      },
      "rot_q_BI_init": {
        "w": 1.0,
        "x": 0.0,
        "y": 0.0,
        "z": 0.0
      },
      "toff_BI_init": 0.0,
      "trans_BI_init": {
        "x": 0.0,
        "y": 0.0,
        "z": 0.0
      }
    }
  ],
  "max_toff_change_": 0.1,
  "opt_spatial_param_flag_": true,
  "opt_temporal_param_flag_": true,
  "output_frequency_": 100.0,
  "pose_config_": [
    {
      "abs_pose_flag": true,
      "body_frame_flag": false,
      "file_name": "pose.txt",
      "rot_noise": 0.01,
      "rot_q_BP_init": {
        "w": -0.6810527805742023,
        "x": -0.16431569044785338,
        "y": 0.0871540145503636,
        "z": -0.7082172277575203
      },
      "rot_q_GW_init": {
        "w": 0.796423635526668,
        "x": 0.6040630881543484,
        "y": -0.021252240912424784,
        "z": -0.019118592001435505
      },
      "toff_BP_init": 0.002514140383595038,
      "trans_BP_init": {
        "x": 0.002691422730983956,
        "y": -0.002768667629113941,
        "z": 0.007551695962681079
      },
      "trans_GW_init": {
        "x": 0.0,
        "y": 0.0,
        "z": 0.0
      },
      "trans_noise": 0.003,
      "world_frame_flag": true
    }
  ],
  "spline_knot_interval_": 0.01
}